{
    "Soma": {
        "capacitance": {
            "PARAMETER": {
                "cm": 0.8
            }
        },
        "pas": {
            "PARAMETER": {
                "g_pas": 8.968609865470852e-05,
                "e_pas": -85.0
            },
            "ASSIGNED": {
                "i_pas": 0.0018251121076233179
            }
        }
    },
    "Dendrites": {
        "capacitance": {
            "PARAMETER": {
                "cm": 0.8
            }
        },
        "pas": {
            "PARAMETER": {
                "g_pas": 8.968609865470852e-05,
                "e_pas": -85.0
            },
            "ASSIGNED": {
                "i_pas": 0.0018251121076233179
            }
        }
    },
    "Axon": {
        "capacitance": {},
        "pas": {
            "PARAMETER": {
                "g_pas": 7.142857142857143e-05,
                "e_pas": -65.0
            },
            "ASSIGNED": {
                "i_pas": 2.4999999999999595e-05
            }
        }
    },
    "Spine Neck": {
        "capacitance": {},
        "pas": {
            "PARAMETER": {
                "g_pas": 7.142857142857143e-05,
                "e_pas": -65.0
            },
            "ASSIGNED": {
                "i_pas": 2.4999999999999595e-05
            }
        }
    },
    "Spine Head": {
        "capacitance": {},
        "pas": {
            "PARAMETER": {
                "g_pas": 7.142857142857143e-05,
                "e_pas": -65.0
            },
            "ASSIGNED": {
                "i_pas": 2.4999999999999595e-05
            }
        }
    }
}